id,status,category,category_in_india_portal,folder,folder_visibility,delta_returns_content,reason,fd_url,delta_url,title
80001153662,2,FAQs,false,Important Update for Delta Exchange Global Users in India,1,,category 'FAQs' not visible in India portal,https://deltaexchange.freshdesk.com/support/solutions/articles/80001153662,https://www.delta.exchange/support/solutions/articles/80001153662,Important Update for Delta Exchange Global Users in India
80001014618,2,FAQs,false,Deposits & Withdrawals,1,,category 'FAQs' not visible in India portal,https://deltaexchange.freshdesk.com/support/solutions/articles/80001014618,https://www.delta.exchange/support/solutions/articles/80001014618,Can I deposit USDT or fiat to my Delta Exchange account?
80001014604,2,FAQs,false,Deposits & Withdrawals,1,,category 'FAQs' not visible in India portal,https://deltaexchange.freshdesk.com/support/solutions/articles/80001014604,https://www.delta.exchange/support/solutions/articles/80001014604,Key information about deposits & withdrawals
80001014606,2,FAQs,false,Deposits & Withdrawals,1,,category 'FAQs' not visible in India portal,https://deltaexchange.freshdesk.com/support/solutions/articles/80001014606,https://www.delta.exchange/support/solutions/articles/80001014606,How can I cancel my withdrawal?
80001014608,1,FAQs,false,Deposits & Withdrawals,1,,draft (Freshdesk status != 2),https://deltaexchange.freshdesk.com/support/solutions/articles/80001014608,https://www.delta.exchange/support/solutions/articles/80001014608,Is there a minimum withdrawal amount?
80001014610,2,FAQs,false,Deposits & Withdrawals,1,,category 'FAQs' not visible in India portal,https://deltaexchange.freshdesk.com/support/solutions/articles/80001014610,https://www.delta.exchange/support/solutions/articles/80001014610,Why is my deposit not showing up in my Delta Exchange wallet?
80001014611,2,FAQs,false,Deposits & Withdrawals,1,,category 'FAQs' not visible in India portal,https://deltaexchange.freshdesk.com/support/solutions/articles/80001014611,https://www.delta.exchange/support/solutions/articles/80001014611,Key information about deposits & withdrawals
80001014612,2,FAQs,false,Deposits & Withdrawals,1,,category 'FAQs' not visible in India portal,https://deltaexchange.freshdesk.com/support/solutions/articles/80001014612,https://www.delta.exchange/support/solutions/articles/80001014612,How often are withdrawals processed?
80001014614,2,FAQs,false,Deposits & Withdrawals,1,,category 'FAQs' not visible in India portal,https://deltaexchange.freshdesk.com/support/solutions/articles/80001014614,https://www.delta.exchange/support/solutions/articles/80001014614,What are Delta Exchange’s KYC requirements?
80001014616,2,FAQs,false,Deposits & Withdrawals,1,,category 'FAQs' not visible in India portal,https://deltaexchange.freshdesk.com/support/solutions/articles/80001014616,https://www.delta.exchange/support/solutions/articles/80001014616,Is the first deposit bonus withdrawable?
80001133762,1,FAQs,false,Deposits & Withdrawals,1,,draft (Freshdesk status != 2),https://deltaexchange.freshdesk.com/support/solutions/articles/80001133762,https://www.delta.exchange/support/solutions/articles/80001133762,How to add funds for trading?
80001133765,1,FAQs,false,Deposits & Withdrawals,1,,draft (Freshdesk status != 2),https://deltaexchange.freshdesk.com/support/solutions/articles/80001133765,https://www.delta.exchange/support/solutions/articles/80001133765,Why my deposit transaction failed
80001140305,2,FAQs,false,Deposits & Withdrawals,1,,category 'FAQs' not visible in India portal,https://deltaexchange.freshdesk.com/support/solutions/articles/80001140305,https://www.delta.exchange/support/solutions/articles/80001140305,How can I ensure I earn maker rebate on all my trades?
80001014518,2,FAQs,false,General,1,,category 'FAQs' not visible in India portal,https://deltaexchange.freshdesk.com/support/solutions/articles/80001014518,https://www.delta.exchange/support/solutions/articles/80001014518,What to expect during maintenance?
80001014519,2,FAQs,false,General,1,,category 'FAQs' not visible in India portal,https://deltaexchange.freshdesk.com/support/solutions/articles/80001014519,https://www.delta.exchange/support/solutions/articles/80001014519,Delta Exchange App Download
80001014520,2,FAQs,false,General,1,,category 'FAQs' not visible in India portal,https://deltaexchange.freshdesk.com/support/solutions/articles/80001014520,https://www.delta.exchange/support/solutions/articles/80001014520,Trading Credits Explained
80001014521,2,FAQs,false,General,1,,category 'FAQs' not visible in India portal,https://deltaexchange.freshdesk.com/support/solutions/articles/80001014521,https://www.delta.exchange/support/solutions/articles/80001014521,Manual KYC Submission Guide
80001014523,2,FAQs,false,General,1,,category 'FAQs' not visible in India portal,https://deltaexchange.freshdesk.com/support/solutions/articles/80001014523,https://www.delta.exchange/support/solutions/articles/80001014523,Paying trading fees in DETO
80001014524,2,FAQs,false,General,1,,category 'FAQs' not visible in India portal,https://deltaexchange.freshdesk.com/support/solutions/articles/80001014524,https://www.delta.exchange/support/solutions/articles/80001014524,Does Delta Exchange have an iOS or Android App?
80001014526,2,FAQs,false,General,1,,category 'FAQs' not visible in India portal,https://deltaexchange.freshdesk.com/support/solutions/articles/80001014526,https://www.delta.exchange/support/solutions/articles/80001014526,How do I tell if the email is from Delta Exchange or a phishing email?
80001140477,2,FAQs,false,General,1,,category 'FAQs' not visible in India portal,https://deltaexchange.freshdesk.com/support/solutions/articles/80001140477,https://www.delta.exchange/support/solutions/articles/80001140477,Sub Accounts: How do they work?
80001140478,2,FAQs,false,General,1,,category 'FAQs' not visible in India portal,https://deltaexchange.freshdesk.com/support/solutions/articles/80001140478,https://www.delta.exchange/support/solutions/articles/80001140478,Is Delta Exchange regulated?
80001140479,2,FAQs,false,General,1,,category 'FAQs' not visible in India portal,https://deltaexchange.freshdesk.com/support/solutions/articles/80001140479,https://www.delta.exchange/support/solutions/articles/80001140479,Does Delta Exchange have an insurance fund?
80001193672,2,FAQs,false,General,1,,category 'FAQs' not visible in India portal,https://deltaexchange.freshdesk.com/support/solutions/articles/80001193672,https://www.delta.exchange/support/solutions/articles/80001193672,Basic Troubleshooting for Website Users on Delta Exchange Global
80001202945,2,FAQs,false,General,1,,category 'FAQs' not visible in India portal,https://deltaexchange.freshdesk.com/support/solutions/articles/80001202945,https://www.delta.exchange/support/solutions/articles/80001202945,Mark Price Chart vs Trade Price Chart
80001014510,2,FAQs,false,MOVE,1,,category 'FAQs' not visible in India portal,https://deltaexchange.freshdesk.com/support/solutions/articles/80001014510,https://www.delta.exchange/support/solutions/articles/80001014510,Changes in Options Symbology
80001014513,2,FAQs,false,MOVE,1,,category 'FAQs' not visible in India portal,https://deltaexchange.freshdesk.com/support/solutions/articles/80001014513,https://www.delta.exchange/support/solutions/articles/80001014513,When should you trade MOVE options?
80001014512,2,FAQs,false,MOVE,1,,category 'FAQs' not visible in India portal,https://deltaexchange.freshdesk.com/support/solutions/articles/80001014512,https://www.delta.exchange/support/solutions/articles/80001014512,Margin requirement for MOVE contracts
80001014514,2,FAQs,false,MOVE,1,,category 'FAQs' not visible in India portal,https://deltaexchange.freshdesk.com/support/solutions/articles/80001014514,https://www.delta.exchange/support/solutions/articles/80001014514,Types of MOVE contracts
80001014515,2,FAQs,false,MOVE,1,,category 'FAQs' not visible in India portal,https://deltaexchange.freshdesk.com/support/solutions/articles/80001014515,https://www.delta.exchange/support/solutions/articles/80001014515,Key terms for MOVE contracts
80001014516,2,FAQs,false,MOVE,1,,category 'FAQs' not visible in India portal,https://deltaexchange.freshdesk.com/support/solutions/articles/80001014516,https://www.delta.exchange/support/solutions/articles/80001014516,How is the profit/ loss for MOVE contracts calculated?
80001014517,2,FAQs,false,MOVE,1,,category 'FAQs' not visible in India portal,https://deltaexchange.freshdesk.com/support/solutions/articles/80001014517,https://www.delta.exchange/support/solutions/articles/80001014517,How to trade MOVE contracts?
80001014535,1,FAQs,false,Promotions,1,,draft (Freshdesk status != 2),https://deltaexchange.freshdesk.com/support/solutions/articles/80001014535,https://www.delta.exchange/support/solutions/articles/80001014535,VIP Program – Get up to 50% Fee Rebate
80001014539,2,FAQs,false,Fees,1,,category 'FAQs' not visible in India portal,https://deltaexchange.freshdesk.com/support/solutions/articles/80001014539,https://www.delta.exchange/support/solutions/articles/80001014539,How can I ensure I earn maker rebate on all my trades?
80001014540,2,FAQs,false,Fees,1,,category 'FAQs' not visible in India portal,https://deltaexchange.freshdesk.com/support/solutions/articles/80001014540,https://www.delta.exchange/support/solutions/articles/80001014540,Do you charge withdrawal fees?
80001014541,2,FAQs,false,Fees,1,,category 'FAQs' not visible in India portal,https://deltaexchange.freshdesk.com/support/solutions/articles/80001014541,https://www.delta.exchange/support/solutions/articles/80001014541,How are trading fees calculated?
80001140285,2,FAQs,false,Fees,1,,category 'FAQs' not visible in India portal,https://deltaexchange.freshdesk.com/support/solutions/articles/80001140285,https://www.delta.exchange/support/solutions/articles/80001140285,Fees on Options and Futures Trading
80001140292,1,FAQs,false,Fees,1,,draft (Freshdesk status != 2),https://deltaexchange.freshdesk.com/support/solutions/articles/80001140292,https://www.delta.exchange/support/solutions/articles/80001140292,Decode Delta Cash
80001140299,2,FAQs,false,Fees,1,,category 'FAQs' not visible in India portal,https://deltaexchange.freshdesk.com/support/solutions/articles/80001140299,https://www.delta.exchange/support/solutions/articles/80001140299,Hold DETO and Enjoy Free Withdrawals!
80001140302,2,FAQs,false,Fees,1,,category 'FAQs' not visible in India portal,https://deltaexchange.freshdesk.com/support/solutions/articles/80001140302,https://www.delta.exchange/support/solutions/articles/80001140302,No Withdrawal Fees for DETO Holders
80001140306,2,FAQs,false,Fees,1,,category 'FAQs' not visible in India portal,https://deltaexchange.freshdesk.com/support/solutions/articles/80001140306,https://www.delta.exchange/support/solutions/articles/80001140306,Do you charge withdrawal fees?
80001140307,2,FAQs,false,Fees,1,,category 'FAQs' not visible in India portal,https://deltaexchange.freshdesk.com/support/solutions/articles/80001140307,https://www.delta.exchange/support/solutions/articles/80001140307,How are trading fees calculated?
80001014542,2,FAQs,false,Margin Trading FAQs,1,,category 'FAQs' not visible in India portal,https://deltaexchange.freshdesk.com/support/solutions/articles/80001014542,https://www.delta.exchange/support/solutions/articles/80001014542,Bracket orders deprecated. Reduce-only orders introduced.
80001014543,2,FAQs,false,Margin Trading FAQs,1,,category 'FAQs' not visible in India portal,https://deltaexchange.freshdesk.com/support/solutions/articles/80001014543,https://www.delta.exchange/support/solutions/articles/80001014543,Does Delta Exchange have an iOS or Android App?
80001014544,2,FAQs,false,Margin Trading FAQs,1,,category 'FAQs' not visible in India portal,https://deltaexchange.freshdesk.com/support/solutions/articles/80001014544,https://www.delta.exchange/support/solutions/articles/80001014544,How much margin is reserved while placing an order on Delta Exchange?
80001014545,2,FAQs,false,Margin Trading FAQs,1,,category 'FAQs' not visible in India portal,https://deltaexchange.freshdesk.com/support/solutions/articles/80001014545,https://www.delta.exchange/support/solutions/articles/80001014545,How to use Charting Tools to improve Technical Analysis
80001014546,2,FAQs,false,Margin Trading FAQs,1,,category 'FAQs' not visible in India portal,https://deltaexchange.freshdesk.com/support/solutions/articles/80001014546,https://www.delta.exchange/support/solutions/articles/80001014546,Delta Exchange Calculator: Features to Improve Trading
80001014547,2,FAQs,false,Margin Trading FAQs,1,,category 'FAQs' not visible in India portal,https://deltaexchange.freshdesk.com/support/solutions/articles/80001014547,https://www.delta.exchange/support/solutions/articles/80001014547,How are Stop Orders Margined on Delta Exchange?
80001014548,2,FAQs,false,Margin Trading FAQs,1,,category 'FAQs' not visible in India portal,https://deltaexchange.freshdesk.com/support/solutions/articles/80001014548,https://www.delta.exchange/support/solutions/articles/80001014548,What happens to Open Orders when a Position is liquidated?
80001014549,2,FAQs,false,Margin Trading FAQs,1,,category 'FAQs' not visible in India portal,https://deltaexchange.freshdesk.com/support/solutions/articles/80001014549,https://www.delta.exchange/support/solutions/articles/80001014549,"Time in Force Flags on Delta Exchange – FOK, IOC, GTC"
80001014550,2,FAQs,false,Margin Trading FAQs,1,,category 'FAQs' not visible in India portal,https://deltaexchange.freshdesk.com/support/solutions/articles/80001014550,https://www.delta.exchange/support/solutions/articles/80001014550,Understanding Contract Symbols on Delta Exchange
80001014554,2,FAQs,false,Margin Trading FAQs,1,,category 'FAQs' not visible in India portal,https://deltaexchange.freshdesk.com/support/solutions/articles/80001014554,https://www.delta.exchange/support/solutions/articles/80001014554,What happens to Open Orders when a Position is liquidated?
80001014556,2,FAQs,false,Margin Trading FAQs,1,,category 'FAQs' not visible in India portal,https://deltaexchange.freshdesk.com/support/solutions/articles/80001014556,https://www.delta.exchange/support/solutions/articles/80001014556,"Time in Force Flags on Delta Exchange – FOK, IOC, GTC"
80001014558,2,FAQs,false,Margin Trading FAQs,1,,category 'FAQs' not visible in India portal,https://deltaexchange.freshdesk.com/support/solutions/articles/80001014558,https://www.delta.exchange/support/solutions/articles/80001014558,Understanding Contract Symbols on Delta Exchange
80001140480,2,FAQs,false,Margin Trading FAQs,1,,category 'FAQs' not visible in India portal,https://deltaexchange.freshdesk.com/support/solutions/articles/80001140480,https://www.delta.exchange/support/solutions/articles/80001140480,How to Close an Open Position on Delta Exchange
80001014551,2,FAQs,false,Perpetual Contracts Trading,1,,category 'FAQs' not visible in India portal,https://deltaexchange.freshdesk.com/support/solutions/articles/80001014551,https://www.delta.exchange/support/solutions/articles/80001014551,Summary of changes made to funding mechanism for perpetual contracts
80001014552,2,FAQs,false,Perpetual Contracts Trading,1,,category 'FAQs' not visible in India portal,https://deltaexchange.freshdesk.com/support/solutions/articles/80001014552,https://www.delta.exchange/support/solutions/articles/80001014552,Are there any limits on funding?
80001014553,2,FAQs,false,Perpetual Contracts Trading,1,,category 'FAQs' not visible in India portal,https://deltaexchange.freshdesk.com/support/solutions/articles/80001014553,https://www.delta.exchange/support/solutions/articles/80001014553,How can I see the history of funding for any contract?
80001014555,2,FAQs,false,Perpetual Contracts Trading,1,,category 'FAQs' not visible in India portal,https://deltaexchange.freshdesk.com/support/solutions/articles/80001014555,https://www.delta.exchange/support/solutions/articles/80001014555,What is funding?
80001014560,2,FAQs,false,Perpetual Contracts Trading,1,,category 'FAQs' not visible in India portal,https://deltaexchange.freshdesk.com/support/solutions/articles/80001014560,https://www.delta.exchange/support/solutions/articles/80001014560,Summary of changes made to funding mechanism for perpetual contracts
80001014562,2,FAQs,false,Perpetual Contracts Trading,1,,category 'FAQs' not visible in India portal,https://deltaexchange.freshdesk.com/support/solutions/articles/80001014562,https://www.delta.exchange/support/solutions/articles/80001014562,Are there any limits on funding?
80001014563,2,FAQs,false,Perpetual Contracts Trading,1,,category 'FAQs' not visible in India portal,https://deltaexchange.freshdesk.com/support/solutions/articles/80001014563,https://www.delta.exchange/support/solutions/articles/80001014563,How can I see the history of funding for any contract?
80001014565,2,FAQs,false,Perpetual Contracts Trading,1,,category 'FAQs' not visible in India portal,https://deltaexchange.freshdesk.com/support/solutions/articles/80001014565,https://www.delta.exchange/support/solutions/articles/80001014565,What is funding?
80001014561,2,FAQs,false,Latest Announcements,1,,category 'FAQs' not visible in India portal,https://deltaexchange.freshdesk.com/support/solutions/articles/80001014561,https://www.delta.exchange/support/solutions/articles/80001014561,Trading Fees Change Announcement
80001014564,2,FAQs,false,Latest Announcements,1,,category 'FAQs' not visible in India portal,https://deltaexchange.freshdesk.com/support/solutions/articles/80001014564,https://www.delta.exchange/support/solutions/articles/80001014564,Contract discontinuations & new listing announcement
80001014566,2,FAQs,false,Latest Announcements,1,,category 'FAQs' not visible in India portal,https://deltaexchange.freshdesk.com/support/solutions/articles/80001014566,https://www.delta.exchange/support/solutions/articles/80001014566,Latest Technical Updates
80001014567,2,FAQs,false,Latest Announcements,1,,category 'FAQs' not visible in India portal,https://deltaexchange.freshdesk.com/support/solutions/articles/80001014567,https://www.delta.exchange/support/solutions/articles/80001014567,Notice about the upcoming Ethereum London Hard Fork
80001014568,2,FAQs,false,Latest Announcements,1,,category 'FAQs' not visible in India portal,https://deltaexchange.freshdesk.com/support/solutions/articles/80001014568,https://www.delta.exchange/support/solutions/articles/80001014568,Delta Exchange first anniversary offer
80001014570,2,FAQs,false,Account Management,1,,category 'FAQs' not visible in India portal,https://deltaexchange.freshdesk.com/support/solutions/articles/80001014570,https://www.delta.exchange/support/solutions/articles/80001014570,FAQs on 2FA
80001014572,2,FAQs,false,Account Management,1,,category 'FAQs' not visible in India portal,https://deltaexchange.freshdesk.com/support/solutions/articles/80001014572,https://www.delta.exchange/support/solutions/articles/80001014572,Individual KYC – User Guide
80001014574,2,FAQs,false,Account Management,1,,category 'FAQs' not visible in India portal,https://deltaexchange.freshdesk.com/support/solutions/articles/80001014574,https://www.delta.exchange/support/solutions/articles/80001014574,Institutional Account KYC
80001014575,2,FAQs,false,Account Management,1,,category 'FAQs' not visible in India portal,https://deltaexchange.freshdesk.com/support/solutions/articles/80001014575,https://www.delta.exchange/support/solutions/articles/80001014575,Individual Account KYC
80001014577,2,FAQs,false,Account Management,1,,category 'FAQs' not visible in India portal,https://deltaexchange.freshdesk.com/support/solutions/articles/80001014577,https://www.delta.exchange/support/solutions/articles/80001014577,Why can’t I log in to my account?
80001014580,2,FAQs,false,Account Management,1,,category 'FAQs' not visible in India portal,https://deltaexchange.freshdesk.com/support/solutions/articles/80001014580,https://www.delta.exchange/support/solutions/articles/80001014580,FAQs on 2FA
80001014581,2,FAQs,false,Account Management,1,,category 'FAQs' not visible in India portal,https://deltaexchange.freshdesk.com/support/solutions/articles/80001014581,https://www.delta.exchange/support/solutions/articles/80001014581,Can I change my email address after registration?
80001014582,2,FAQs,false,Account Management,1,,category 'FAQs' not visible in India portal,https://deltaexchange.freshdesk.com/support/solutions/articles/80001014582,https://www.delta.exchange/support/solutions/articles/80001014582,Individual KYC – User Guide
80001140131,2,FAQs,false,Account Management,1,,category 'FAQs' not visible in India portal,https://deltaexchange.freshdesk.com/support/solutions/articles/80001140131,https://www.delta.exchange/support/solutions/articles/80001140131,Sub Accounts: How do they work?
80001140132,2,FAQs,false,Account Management,1,,category 'FAQs' not visible in India portal,https://deltaexchange.freshdesk.com/support/solutions/articles/80001140132,https://www.delta.exchange/support/solutions/articles/80001140132,KYC - Guidelines
80001140139,2,FAQs,false,Account Management,1,,category 'FAQs' not visible in India portal,https://deltaexchange.freshdesk.com/support/solutions/articles/80001140139,https://www.delta.exchange/support/solutions/articles/80001140139,How do I tell if the email is from Delta Exchange or a phishing email?
80001014584,2,FAQs,false,Order Types on Delta,1,,category 'FAQs' not visible in India portal,https://deltaexchange.freshdesk.com/support/solutions/articles/80001014584,https://www.delta.exchange/support/solutions/articles/80001014584,Trailing-Stop Orders
80001014586,2,FAQs,false,Order Types on Delta,1,,category 'FAQs' not visible in India portal,https://deltaexchange.freshdesk.com/support/solutions/articles/80001014586,https://www.delta.exchange/support/solutions/articles/80001014586,Post-Only Orders
80001014588,2,FAQs,false,Order Types on Delta,1,,category 'FAQs' not visible in India portal,https://deltaexchange.freshdesk.com/support/solutions/articles/80001014588,https://www.delta.exchange/support/solutions/articles/80001014588,Stop-Limit Orders
80001014589,2,FAQs,false,Order Types on Delta,1,,category 'FAQs' not visible in India portal,https://deltaexchange.freshdesk.com/support/solutions/articles/80001014589,https://www.delta.exchange/support/solutions/articles/80001014589,Time-In-Force Orders
80001014590,2,FAQs,false,Order Types on Delta,1,,category 'FAQs' not visible in India portal,https://deltaexchange.freshdesk.com/support/solutions/articles/80001014590,https://www.delta.exchange/support/solutions/articles/80001014590,Stop-Market Orders
80001014591,2,FAQs,false,Order Types on Delta,1,,category 'FAQs' not visible in India portal,https://deltaexchange.freshdesk.com/support/solutions/articles/80001014591,https://www.delta.exchange/support/solutions/articles/80001014591,Reduce-Only Orders
80001014592,2,FAQs,false,Order Types on Delta,1,,category 'FAQs' not visible in India portal,https://deltaexchange.freshdesk.com/support/solutions/articles/80001014592,https://www.delta.exchange/support/solutions/articles/80001014592,Market Orders
80001014594,2,FAQs,false,Order Types on Delta,1,,category 'FAQs' not visible in India portal,https://deltaexchange.freshdesk.com/support/solutions/articles/80001014594,https://www.delta.exchange/support/solutions/articles/80001014594,Limit Orders
80001014596,2,FAQs,false,Futures Trading,1,,category 'FAQs' not visible in India portal,https://deltaexchange.freshdesk.com/support/solutions/articles/80001014596,https://www.delta.exchange/support/solutions/articles/80001014596,How to use Charting Tools to improve Technical Analysis
80001014598,2,FAQs,false,Futures Trading,1,,category 'FAQs' not visible in India portal,https://deltaexchange.freshdesk.com/support/solutions/articles/80001014598,https://www.delta.exchange/support/solutions/articles/80001014598,What is a quanto contract?
80001014600,2,FAQs,false,Futures Trading,1,,category 'FAQs' not visible in India portal,https://deltaexchange.freshdesk.com/support/solutions/articles/80001014600,https://www.delta.exchange/support/solutions/articles/80001014600,What is an inverse futures contract?
80001014602,2,FAQs,false,Security,1,,category 'FAQs' not visible in India portal,https://deltaexchange.freshdesk.com/support/solutions/articles/80001014602,https://www.delta.exchange/support/solutions/articles/80001014602,How does Delta Exchange ensure safety of crypto in its custody?
80001140487,2,FAQs,false,Security,1,,category 'FAQs' not visible in India portal,https://deltaexchange.freshdesk.com/support/solutions/articles/80001140487,https://www.delta.exchange/support/solutions/articles/80001140487,Authenticator Apps for 2FA
80001140488,2,FAQs,false,Security,1,,category 'FAQs' not visible in India portal,https://deltaexchange.freshdesk.com/support/solutions/articles/80001140488,https://www.delta.exchange/support/solutions/articles/80001140488,How does Delta Exchange ensure safety of crypto in its custody?
80001151953,2,FAQs,false,Security,1,,category 'FAQs' not visible in India portal,https://deltaexchange.freshdesk.com/support/solutions/articles/80001151953,https://www.delta.exchange/support/solutions/articles/80001151953,Beware of phishing scams
80001141031,2,FAQs,false,API,1,,category 'FAQs' not visible in India portal,https://deltaexchange.freshdesk.com/support/solutions/articles/80001141031,https://www.delta.exchange/support/solutions/articles/80001141031,Tutorial: Trading View Automation On Delta Exchange
80001153883,2,FAQs,false,API,1,,category 'FAQs' not visible in India portal,https://deltaexchange.freshdesk.com/support/solutions/articles/80001153883,https://www.delta.exchange/support/solutions/articles/80001153883,Common API Issues and How to Resolve Them
80001175322,2,FAQs,false,API,1,,category 'FAQs' not visible in India portal,https://deltaexchange.freshdesk.com/support/solutions/articles/80001175322,https://www.delta.exchange/support/solutions/articles/80001175322,Kickstarting Your Trading Journey with Delta Exchange Global APIs
80001177854,2,Account Setup & Access,true,Account Creation,1,true,,https://deltaexchange.freshdesk.com/support/solutions/articles/80001177854,https://www.delta.exchange/support/solutions/articles/80001177854,How to open an account at Delta exchange ?
80001177856,2,Account Setup & Access,true,Account Creation,1,true,,https://deltaexchange.freshdesk.com/support/solutions/articles/80001177856,https://www.delta.exchange/support/solutions/articles/80001177856,Common Mistakes to Avoid While Opening Your Account
80001177857,2,Account Setup & Access,true,Account Creation,1,true,,https://deltaexchange.freshdesk.com/support/solutions/articles/80001177857,https://www.delta.exchange/support/solutions/articles/80001177857,What is a Sub Account?
80001132411,2,Account Setup & Access,true,Account Creation,1,true,,https://deltaexchange.freshdesk.com/support/solutions/articles/80001132411,https://www.delta.exchange/support/solutions/articles/80001132411,Guide to Register on Delta Exchange India
80001143166,2,Account Setup & Access,true,Account Creation,1,true,,https://deltaexchange.freshdesk.com/support/solutions/articles/80001143166,https://www.delta.exchange/support/solutions/articles/80001143166,Setting Up Delta Exchange India Account with Delta global email
80001177858,2,Account Setup & Access,true,Login,1,true,,https://deltaexchange.freshdesk.com/support/solutions/articles/80001177858,https://www.delta.exchange/support/solutions/articles/80001177858,How to Reset Your Delta Exchange Password?
80001177859,2,Account Setup & Access,true,Login,1,true,,https://deltaexchange.freshdesk.com/support/solutions/articles/80001177859,https://www.delta.exchange/support/solutions/articles/80001177859,Why is the Location Displayed During Login Different from My Actual Location?
80001132507,2,Account Setup & Access,true,Login,1,true,,https://deltaexchange.freshdesk.com/support/solutions/articles/80001132507,https://www.delta.exchange/support/solutions/articles/80001132507,Why can’t I login into my account?
80001185526,2,Account Setup & Access,true,Login,1,true,,https://deltaexchange.freshdesk.com/support/solutions/articles/80001185526,https://www.delta.exchange/support/solutions/articles/80001185526,How to Fix Common Login Issues
80001198974,2,Account Setup & Access,true,Login,1,true,,https://deltaexchange.freshdesk.com/support/solutions/articles/80001198974,https://www.delta.exchange/support/solutions/articles/80001198974,How to Log in to Delta Exchange Account on Web Using QR Code
80001178000,2,Account Setup & Access,true,Login,1,true,,https://deltaexchange.freshdesk.com/support/solutions/articles/80001178000,https://www.delta.exchange/support/solutions/articles/80001178000,How can I find my registered email ID and user ID?
80001177860,2,Account Setup & Access,true,Update Profile Details,1,true,,https://deltaexchange.freshdesk.com/support/solutions/articles/80001177860,https://www.delta.exchange/support/solutions/articles/80001177860,How can I change my registered Email Address?
80001176583,2,Account Setup & Access,true,Update Profile Details,1,true,,https://deltaexchange.freshdesk.com/support/solutions/articles/80001176583,https://www.delta.exchange/support/solutions/articles/80001176583,How can I change my registered Phone number?
80001200768,2,Account Setup & Access,true,Update Profile Details,1,true,,https://deltaexchange.freshdesk.com/support/solutions/articles/80001200768,https://www.delta.exchange/support/solutions/articles/80001200768,VIP program
80001177866,2,Account Setup & Access,true,Email,1,true,,https://deltaexchange.freshdesk.com/support/solutions/articles/80001177866,https://www.delta.exchange/support/solutions/articles/80001177866,Not Receiving Emails from Delta? Here's Why and How to Fix It?
80001176337,2,Account Setup & Access,true,Email,1,true,,https://deltaexchange.freshdesk.com/support/solutions/articles/80001176337,https://www.delta.exchange/support/solutions/articles/80001176337,Steps to Update your Email
80001190414,2,Account Setup & Access,true,Email,1,true,,https://deltaexchange.freshdesk.com/support/solutions/articles/80001190414,https://www.delta.exchange/support/solutions/articles/80001190414,How to Recover Your Registered Email ID on Delta Exchange (Step-by-Step Guide)
80001159772,2,Account Setup & Access,true,Account Closure,1,true,,https://deltaexchange.freshdesk.com/support/solutions/articles/80001159772,https://www.delta.exchange/support/solutions/articles/80001159772,How Can I Delete My Delta Exchange Account?
80001177922,2,Account Setup & Access,true,Account Closure,1,true,,https://deltaexchange.freshdesk.com/support/solutions/articles/80001177922,https://www.delta.exchange/support/solutions/articles/80001177922,Will All My Data Be Deleted from Delta’s System After Account Deletion?
80001177925,2,Account Setup & Access,true,Account Closure,1,true,,https://deltaexchange.freshdesk.com/support/solutions/articles/80001177925,https://www.delta.exchange/support/solutions/articles/80001177925,Can Deleting My Account Help Me Change My Referral Code?
80001177927,2,Account Setup & Access,true,Account Closure,1,true,,https://deltaexchange.freshdesk.com/support/solutions/articles/80001177927,https://www.delta.exchange/support/solutions/articles/80001177927,Can I Delete and Create a New Account Using the Same KYC Documents?
80001177928,2,Account Setup & Access,true,Account Closure,1,true,,https://deltaexchange.freshdesk.com/support/solutions/articles/80001177928,https://www.delta.exchange/support/solutions/articles/80001177928,Can I Delete My Sub-Account on Delta Exchange?
80001202944,2,Account Setup & Access,true,Getting Started,1,true,,https://deltaexchange.freshdesk.com/support/solutions/articles/80001202944,https://www.delta.exchange/support/solutions/articles/80001202944,Mark Price Chart vs Trade Price Chart
80001202254,2,Account Setup & Access,true,Getting Started,1,true,,https://deltaexchange.freshdesk.com/support/solutions/articles/80001202254,https://www.delta.exchange/support/solutions/articles/80001202254,Understanding Lot Sizes on Delta Exchange
80001200076,2,Account Setup & Access,true,Getting Started,1,true,,https://deltaexchange.freshdesk.com/support/solutions/articles/80001200076,https://www.delta.exchange/support/solutions/articles/80001200076,USD-INR Rate
80001190682,1,Account Setup & Access,true,Getting Started,1,,draft (Freshdesk status != 2),https://deltaexchange.freshdesk.com/support/solutions/articles/80001190682,https://www.delta.exchange/support/solutions/articles/80001190682,Important Notice: Tracker Delisting
80001177853,1,Account Setup & Access,true,Getting Started,1,,draft (Freshdesk status != 2),https://deltaexchange.freshdesk.com/support/solutions/articles/80001177853,https://www.delta.exchange/support/solutions/articles/80001177853,Account Creation
80001175415,1,Account Setup & Access,true,Getting Started,1,,draft (Freshdesk status != 2),https://deltaexchange.freshdesk.com/support/solutions/articles/80001175415,https://www.delta.exchange/support/solutions/articles/80001175415,Tracker - User Guide
80001132517,2,Account Setup & Access,true,App & Access,1,true,,https://deltaexchange.freshdesk.com/support/solutions/articles/80001132517,https://www.delta.exchange/support/solutions/articles/80001132517,How do I install the Delta Exchange app?
80001137211,1,Account Setup & Access,true,App & Access,1,,draft (Freshdesk status != 2),https://deltaexchange.freshdesk.com/support/solutions/articles/80001137211,https://www.delta.exchange/support/solutions/articles/80001137211,Steps to add Web App on IOS.
80001178009,2,Account Setup & Access,true,App & Access,1,true,,https://deltaexchange.freshdesk.com/support/solutions/articles/80001178009,https://www.delta.exchange/support/solutions/articles/80001178009,How do I log out of my Delta Exchange account?
80001195690,2,Account Setup & Access,true,App & Access,1,true,,https://deltaexchange.freshdesk.com/support/solutions/articles/80001195690,https://www.delta.exchange/support/solutions/articles/80001195690,How to Switch Between Dark Theme and Light Theme on Delta Exchange
80001132383,2,Maintenance,true,Account Management,1,true,,https://deltaexchange.freshdesk.com/support/solutions/articles/80001132383,https://www.delta.exchange/support/solutions/articles/80001132383,What to expect during the maintenance?
80001202550,2,Maintenance,true,Account Management,1,true,,https://deltaexchange.freshdesk.com/support/solutions/articles/80001202550,https://www.delta.exchange/support/solutions/articles/80001202550,What to expect during maintainance ?
80001132538,2,Security,true,Account Related,1,true,,https://deltaexchange.freshdesk.com/support/solutions/articles/80001132538,https://www.delta.exchange/support/solutions/articles/80001132538,How does the platform secure my account and funds?
80001177964,2,Security,true,Account Related,1,true,,https://deltaexchange.freshdesk.com/support/solutions/articles/80001177964,https://www.delta.exchange/support/solutions/articles/80001177964,How to Reset Your Delta Exchange Password ?
80001177965,2,Security,true,Account Related,1,true,,https://deltaexchange.freshdesk.com/support/solutions/articles/80001177965,https://www.delta.exchange/support/solutions/articles/80001177965,Why Delta Exchange India Logs You Out After Inactivity/ Frequent logouts – And How to Disable It?
80001177966,2,Security,true,Account Related,1,true,,https://deltaexchange.freshdesk.com/support/solutions/articles/80001177966,https://www.delta.exchange/support/solutions/articles/80001177966,How do I set a strong password?
80001177967,2,Security,true,Account Related,1,true,,https://deltaexchange.freshdesk.com/support/solutions/articles/80001177967,https://www.delta.exchange/support/solutions/articles/80001177967,Is a Bug Bounty Program Available on Delta Exchange?
80001132510,2,Security,true,Security tips,1,true,,https://deltaexchange.freshdesk.com/support/solutions/articles/80001132510,https://www.delta.exchange/support/solutions/articles/80001132510,How do I tell if the email is from Delta Exchange or a phishing email?
80001151954,2,Security,true,Security tips,1,true,,https://deltaexchange.freshdesk.com/support/solutions/articles/80001151954,https://www.delta.exchange/support/solutions/articles/80001151954,Beware of phishing scams
80001132539,2,Security,true,Security tips,1,true,,https://deltaexchange.freshdesk.com/support/solutions/articles/80001132539,https://www.delta.exchange/support/solutions/articles/80001132539,How can I enable the anti-phishing code?
80001177970,2,Security,true,Security tips,1,true,,https://deltaexchange.freshdesk.com/support/solutions/articles/80001177970,https://www.delta.exchange/support/solutions/articles/80001177970,What can I do to avoid scams?
80001177971,2,Security,true,Security tips,1,true,,https://deltaexchange.freshdesk.com/support/solutions/articles/80001177971,https://www.delta.exchange/support/solutions/articles/80001177971,What are the signs that it is a scam?
80001177974,2,Security,true,Security tips,1,true,,https://deltaexchange.freshdesk.com/support/solutions/articles/80001177974,https://www.delta.exchange/support/solutions/articles/80001177974,Top Security Tips to Keep Your Trading Account Safe
80001143532,2,Security,true,2 FA,1,true,,https://deltaexchange.freshdesk.com/support/solutions/articles/80001143532,https://www.delta.exchange/support/solutions/articles/80001143532,What is Two-Factor Authentication (2FA)?
80001143533,2,Security,true,2 FA,1,true,,https://deltaexchange.freshdesk.com/support/solutions/articles/80001143533,https://www.delta.exchange/support/solutions/articles/80001143533,Why should I enable 2 FA?
80001143534,2,Security,true,2 FA,1,true,,https://deltaexchange.freshdesk.com/support/solutions/articles/80001143534,https://www.delta.exchange/support/solutions/articles/80001143534,How does 2 FA work?
80001143535,2,Security,true,2 FA,1,true,,https://deltaexchange.freshdesk.com/support/solutions/articles/80001143535,https://www.delta.exchange/support/solutions/articles/80001143535,Which Authenticator Apps should I use?
80001143536,2,Security,true,2 FA,1,true,,https://deltaexchange.freshdesk.com/support/solutions/articles/80001143536,https://www.delta.exchange/support/solutions/articles/80001143536,How do I enable 2 FA? Step by Step Guide
80001143537,2,Security,true,2 FA,1,true,,https://deltaexchange.freshdesk.com/support/solutions/articles/80001143537,https://www.delta.exchange/support/solutions/articles/80001143537,What If I loose my device or change my phone?
80001143538,2,Security,true,2 FA,1,true,,https://deltaexchange.freshdesk.com/support/solutions/articles/80001143538,https://www.delta.exchange/support/solutions/articles/80001143538,Can I disable 2FA once it's enabled?
80001143539,2,Security,true,2 FA,1,true,,https://deltaexchange.freshdesk.com/support/solutions/articles/80001143539,https://www.delta.exchange/support/solutions/articles/80001143539,Are there any drawbacks to using 2 FA?
80001143540,2,Security,true,2 FA,1,true,,https://deltaexchange.freshdesk.com/support/solutions/articles/80001143540,https://www.delta.exchange/support/solutions/articles/80001143540,Why do we discourage using Google Authenticator for 2FA ?
80001132536,2,Security,true,2 FA,1,true,,https://deltaexchange.freshdesk.com/support/solutions/articles/80001132536,https://www.delta.exchange/support/solutions/articles/80001132536,Authenticator Apps for 2FA
80001132541,2,Security,true,2 FA,1,true,,https://deltaexchange.freshdesk.com/support/solutions/articles/80001132541,https://www.delta.exchange/support/solutions/articles/80001132541,How can I enable two-factor authentication (2FA)?
80001171285,2,Security,true,2 FA,1,true,,https://deltaexchange.freshdesk.com/support/solutions/articles/80001171285,https://www.delta.exchange/support/solutions/articles/80001171285,Steps to disable 2fa
80001178002,2,Deposits,true,Deposits,1,true,,https://deltaexchange.freshdesk.com/support/solutions/articles/80001178002,https://www.delta.exchange/support/solutions/articles/80001178002,How to add Bank account in Delta Exchange India?
80001140792,1,Deposits,true,Deposits,1,,draft (Freshdesk status != 2),https://deltaexchange.freshdesk.com/support/solutions/articles/80001140792,https://www.delta.exchange/support/solutions/articles/80001140792,Steps to deposit on Delta Exchange India
80001155792,2,Deposits,true,Deposits,1,true,,https://deltaexchange.freshdesk.com/support/solutions/articles/80001155792,https://www.delta.exchange/support/solutions/articles/80001155792,Step-by-Step Guide to Deposit Funds via UPI on Delta Exchange India
80001178007,2,Deposits,true,Deposits,1,true,,https://deltaexchange.freshdesk.com/support/solutions/articles/80001178007,https://www.delta.exchange/support/solutions/articles/80001178007,"How to deposit Via IMPS, NEFT and RTGS on Delta Exchange?"
80001140902,2,Deposits,true,Deposits,1,true,,https://deltaexchange.freshdesk.com/support/solutions/articles/80001140902,https://www.delta.exchange/support/solutions/articles/80001140902,My deposit transaction failed. What could be the reason?
80001141202,1,Deposits,true,Deposits,1,,draft (Freshdesk status != 2),https://deltaexchange.freshdesk.com/support/solutions/articles/80001141202,https://www.delta.exchange/support/solutions/articles/80001141202,Which Banks are not Supported by us?
80001154590,1,Deposits,true,Deposits,1,,draft (Freshdesk status != 2),https://deltaexchange.freshdesk.com/support/solutions/articles/80001154590,https://www.delta.exchange/support/solutions/articles/80001154590,SBI IMPS Deposits: Net Banking & Mobile App Guide
80001154594,1,Deposits,true,Deposits,1,,draft (Freshdesk status != 2),https://deltaexchange.freshdesk.com/support/solutions/articles/80001154594,https://www.delta.exchange/support/solutions/articles/80001154594,PNB IMPS Deposits ( Net Banking & Mobile App)
80001141033,1,Deposits,true,Deposits,1,,draft (Freshdesk status != 2),https://deltaexchange.freshdesk.com/support/solutions/articles/80001141033,https://www.delta.exchange/support/solutions/articles/80001141033,Why did I receive an invalid IFSC code error?
80001141034,1,Deposits,true,Deposits,1,,draft (Freshdesk status != 2),https://deltaexchange.freshdesk.com/support/solutions/articles/80001141034,https://www.delta.exchange/support/solutions/articles/80001141034,Why was my amount credited back to my account when I attempted to deposit?
80001178028,2,Deposits,true,Deposit limit & Rules,1,true,,https://deltaexchange.freshdesk.com/support/solutions/articles/80001178028,https://www.delta.exchange/support/solutions/articles/80001178028,Can I deposit USDT or Crypto to my Delta Exchange India account?
80001178032,2,Deposits,true,Deposit limit & Rules,1,true,,https://deltaexchange.freshdesk.com/support/solutions/articles/80001178032,https://www.delta.exchange/support/solutions/articles/80001178032,Can I transfer funds from Delta Global to Delta India?
80001178035,2,Deposits,true,Deposit limit & Rules,1,true,,https://deltaexchange.freshdesk.com/support/solutions/articles/80001178035,https://www.delta.exchange/support/solutions/articles/80001178035,What is the minimum and maximum amount I can deposit on Delta India?
80001178018,2,Deposits,true,Troubleshooting Deposits,1,true,,https://deltaexchange.freshdesk.com/support/solutions/articles/80001178018,https://www.delta.exchange/support/solutions/articles/80001178018,Common Mistakes While Depositing on Delta Exchange India
80001178023,1,Deposits,true,Troubleshooting Deposits,1,,draft (Freshdesk status != 2),https://deltaexchange.freshdesk.com/support/solutions/articles/80001178023,https://www.delta.exchange/support/solutions/articles/80001178023,Why is my deposit not showing up in my Delta wallet?
80001178074,2,Deposits,true,Troubleshooting Deposits,1,true,,https://deltaexchange.freshdesk.com/support/solutions/articles/80001178074,https://www.delta.exchange/support/solutions/articles/80001178074,How Long Does It Take for My Deposit to Reflect on Delta Exchange India?
80001150767,2,Know Your Customer (KYC),true,Individual KYC,1,true,,https://deltaexchange.freshdesk.com/support/solutions/articles/80001150767,https://www.delta.exchange/support/solutions/articles/80001150767,Guide to KYC Verification: Step-by Step Process
80001132409,2,Know Your Customer (KYC),true,Individual KYC,1,true,,https://deltaexchange.freshdesk.com/support/solutions/articles/80001132409,https://www.delta.exchange/support/solutions/articles/80001132409,Expected Duration for KYC Verification Process?
80001157636,2,Know Your Customer (KYC),true,Individual KYC,1,true,,https://deltaexchange.freshdesk.com/support/solutions/articles/80001157636,https://www.delta.exchange/support/solutions/articles/80001157636,Reactivating Your Delta Exchange Account: Quick and Easy Steps
80001176664,2,Know Your Customer (KYC),true,Individual KYC,1,true,,https://deltaexchange.freshdesk.com/support/solutions/articles/80001176664,https://www.delta.exchange/support/solutions/articles/80001176664,Can I change my Referrer Code on Delta Exchange India?
80001177029,2,Know Your Customer (KYC),true,Individual KYC,1,true,,https://deltaexchange.freshdesk.com/support/solutions/articles/80001177029,https://www.delta.exchange/support/solutions/articles/80001177029,Re-KYC: What It Means and How to Do It
80001178024,2,Know Your Customer (KYC),true,Individual KYC,1,true,,https://deltaexchange.freshdesk.com/support/solutions/articles/80001178024,https://www.delta.exchange/support/solutions/articles/80001178024,What Should I Do If I Submitted Incorrect Information or Documents During KYC?
80001178025,2,Know Your Customer (KYC),true,Individual KYC,1,true,,https://deltaexchange.freshdesk.com/support/solutions/articles/80001178025,https://www.delta.exchange/support/solutions/articles/80001178025,Why Am I Required to Complete Re-KYC?
80001178026,2,Know Your Customer (KYC),true,Individual KYC,1,true,,https://deltaexchange.freshdesk.com/support/solutions/articles/80001178026,https://www.delta.exchange/support/solutions/articles/80001178026,Which Documents Are Needed to Complete Re-KYC?
80001178027,2,Know Your Customer (KYC),true,Individual KYC,1,true,,https://deltaexchange.freshdesk.com/support/solutions/articles/80001178027,https://www.delta.exchange/support/solutions/articles/80001178027,Will my KYC documents be safe with Delta Exchange?
80001178029,2,Know Your Customer (KYC),true,Individual KYC,1,true,,https://deltaexchange.freshdesk.com/support/solutions/articles/80001178029,https://www.delta.exchange/support/solutions/articles/80001178029,KYC Taking Longer Than Expected? Here's Why
80001202189,1,Know Your Customer (KYC),true,Individual KYC,1,,draft (Freshdesk status != 2),https://deltaexchange.freshdesk.com/support/solutions/articles/80001202189,https://www.delta.exchange/support/solutions/articles/80001202189,Documents required for KYC
80001151634,2,Know Your Customer (KYC),true,Rejected/Initiated Status,1,true,,https://deltaexchange.freshdesk.com/support/solutions/articles/80001151634,https://www.delta.exchange/support/solutions/articles/80001151634,Troubleshooting KYC Selfie Verification Error
80001178030,2,Know Your Customer (KYC),true,Rejected/Initiated Status,1,true,,https://deltaexchange.freshdesk.com/support/solutions/articles/80001178030,https://www.delta.exchange/support/solutions/articles/80001178030,"Why am I getting the error ""This number is already associated with another account. Please use a different number"" during phone verification?"
80001178031,2,Know Your Customer (KYC),true,Rejected/Initiated Status,1,true,,https://deltaexchange.freshdesk.com/support/solutions/articles/80001178031,https://www.delta.exchange/support/solutions/articles/80001178031,"Why was my KYC rejected due to ""Your KYC was rejected as it matches with another account"" error?"
80001178033,2,Know Your Customer (KYC),true,Rejected/Initiated Status,1,true,,https://deltaexchange.freshdesk.com/support/solutions/articles/80001178033,https://www.delta.exchange/support/solutions/articles/80001178033,Top Reasons for KYC Rejection and How to Resolve Them
80001132509,2,Know Your Customer (KYC),true,Corporate KYC,1,true,,https://deltaexchange.freshdesk.com/support/solutions/articles/80001132509,https://www.delta.exchange/support/solutions/articles/80001132509,Documents required for Institutional Account KYC
80001141209,1,Withdrawals,true,Withdrawal Process & Rules,1,,draft (Freshdesk status != 2),https://deltaexchange.freshdesk.com/support/solutions/articles/80001141209,https://www.delta.exchange/support/solutions/articles/80001141209,Can I withdraw funds without making any trades?
80001143396,2,Withdrawals,true,Withdrawal Process & Rules,1,true,,https://deltaexchange.freshdesk.com/support/solutions/articles/80001143396,https://www.delta.exchange/support/solutions/articles/80001143396,Steps to withdraw on Delta Exchange India
80001143176,2,Withdrawals,true,Withdrawal Process & Rules,1,true,,https://deltaexchange.freshdesk.com/support/solutions/articles/80001143176,https://www.delta.exchange/support/solutions/articles/80001143176,What is the minimum and maximum withdrawal amount?
80001177979,1,Withdrawals,true,Withdrawal Process & Rules,1,,draft (Freshdesk status != 2),https://deltaexchange.freshdesk.com/support/solutions/articles/80001177979,https://www.delta.exchange/support/solutions/articles/80001177979,Can I withdraw funds without making any trades?
80001177980,2,Withdrawals,true,Withdrawal Process & Rules,1,true,,https://deltaexchange.freshdesk.com/support/solutions/articles/80001177980,https://www.delta.exchange/support/solutions/articles/80001177980,Can a withdrawal request be cancelled?
80001177982,2,Withdrawals,true,Withdrawal Process & Rules,1,true,,https://deltaexchange.freshdesk.com/support/solutions/articles/80001177982,https://www.delta.exchange/support/solutions/articles/80001177982,Understanding Withdrawal Timelines and Manual Audits at Delta Exchange
80001191577,2,Withdrawals,true,Withdrawal Process & Rules,1,true,,https://deltaexchange.freshdesk.com/support/solutions/articles/80001191577,https://www.delta.exchange/support/solutions/articles/80001191577,Temporary Withdrawal Restrictions: What You Need to Know
80001177867,2,Trading Fees & Charges,true,Understanding Fees in Your Account,1,true,,https://deltaexchange.freshdesk.com/support/solutions/articles/80001177867,https://www.delta.exchange/support/solutions/articles/80001177867,Where Can I See the Fees Paid on My Trades?
80001180276,2,Trading Fees & Charges,true,Understanding Fees in Your Account,1,true,,https://deltaexchange.freshdesk.com/support/solutions/articles/80001180276,https://www.delta.exchange/support/solutions/articles/80001180276,Noticed a Wallet Balance Discrepancy? It Might Be the Liquidation Fee
80001177869,2,Trading Fees & Charges,true,Fee Structure & Calculation,1,true,,https://deltaexchange.freshdesk.com/support/solutions/articles/80001177869,https://www.delta.exchange/support/solutions/articles/80001177869,How is the Trading Fee for Futures Contract Calculated on Delta Exchange?
80001177870,2,Trading Fees & Charges,true,Fee Structure & Calculation,1,true,,https://deltaexchange.freshdesk.com/support/solutions/articles/80001177870,https://www.delta.exchange/support/solutions/articles/80001177870,Does Leverage Affect Trading Fees?
80001177871,2,Trading Fees & Charges,true,Fee Structure & Calculation,1,true,,https://deltaexchange.freshdesk.com/support/solutions/articles/80001177871,https://www.delta.exchange/support/solutions/articles/80001177871,Which Margin Mode Attracts the Least Trading Fees?
80001179464,2,Trading Fees & Charges,true,Fee Structure & Calculation,1,true,,https://deltaexchange.freshdesk.com/support/solutions/articles/80001179464,https://www.delta.exchange/support/solutions/articles/80001179464,What is Realised PNL and Unrealised PNL and How do we calculate Net profit?
80001177864,2,Trading Fees & Charges,true,Fee Structure & Calculation,1,true,,https://deltaexchange.freshdesk.com/support/solutions/articles/80001177864,https://www.delta.exchange/support/solutions/articles/80001177864,Fees on Options and Futures Trading
80001177872,2,Trading Fees & Charges,true,Options Fee Explained,1,true,,https://deltaexchange.freshdesk.com/support/solutions/articles/80001177872,https://www.delta.exchange/support/solutions/articles/80001177872,What is the Settlement Fee?
80001177874,2,Trading Fees & Charges,true,Options Fee Explained,1,true,,https://deltaexchange.freshdesk.com/support/solutions/articles/80001177874,https://www.delta.exchange/support/solutions/articles/80001177874,How Much Trading Fee Do I Need to Pay If My Option Contract Expires Worthless?
80001177875,2,Trading Fees & Charges,true,Options Fee Explained,1,true,,https://deltaexchange.freshdesk.com/support/solutions/articles/80001177875,https://www.delta.exchange/support/solutions/articles/80001177875,Why Are Options Trading Fees Higher Compared to Bank-Nifty (Indian) Options?
80001177877,2,Trading Fees & Charges,true,Fee Benefits,1,true,,https://deltaexchange.freshdesk.com/support/solutions/articles/80001177877,https://www.delta.exchange/support/solutions/articles/80001177877,Decode Delta Cash
80001132514,2,Trading Fees & Charges,true,Fee Benefits,1,true,,https://deltaexchange.freshdesk.com/support/solutions/articles/80001132514,https://www.delta.exchange/support/solutions/articles/80001132514,How can I ensure I earn maker rebate on all my trades?
80001188064,2,Trading Fees & Charges,true,Fee Benefits,1,true,,https://deltaexchange.freshdesk.com/support/solutions/articles/80001188064,https://www.delta.exchange/support/solutions/articles/80001188064,Decode Fee Vouchers
80001188989,2,Trading Fees & Charges,true,Disclaimer,1,true,,https://deltaexchange.freshdesk.com/support/solutions/articles/80001188989,https://www.delta.exchange/support/solutions/articles/80001188989,DISCLAIMER
80001147673,2,Taxation & Regulatory Charges,true,Tax & GST,1,true,,https://deltaexchange.freshdesk.com/support/solutions/articles/80001147673,https://www.delta.exchange/support/solutions/articles/80001147673,Extracting Tax P&L data from Delta Exchange India
80001132759,2,Taxation & Regulatory Charges,true,Tax & GST,1,true,,https://deltaexchange.freshdesk.com/support/solutions/articles/80001132759,https://www.delta.exchange/support/solutions/articles/80001132759,Will I be charged GST on the fee paid?
80001132760,2,Taxation & Regulatory Charges,true,Tax & GST,1,true,,https://deltaexchange.freshdesk.com/support/solutions/articles/80001132760,https://www.delta.exchange/support/solutions/articles/80001132760,Is there 1% TDS on trades that I make?
80001132761,2,Taxation & Regulatory Charges,true,Tax & GST,1,true,,https://deltaexchange.freshdesk.com/support/solutions/articles/80001132761,https://www.delta.exchange/support/solutions/articles/80001132761,Is there 30% VDA tax applicable on trading profits?
80001132762,2,Taxation & Regulatory Charges,true,Tax & GST,1,true,,https://deltaexchange.freshdesk.com/support/solutions/articles/80001132762,https://www.delta.exchange/support/solutions/articles/80001132762,Is loss offsetting available on profits that I make via trading Crypto Futures and Options contracts available on Delta Exchange India?
80001132768,2,Taxation & Regulatory Charges,true,Tax & GST,1,true,,https://deltaexchange.freshdesk.com/support/solutions/articles/80001132768,https://www.delta.exchange/support/solutions/articles/80001132768,Can I carry forward the losses to next financial year?
80001177885,2,Trading & Order Management,true,Order Types Explained,1,true,,https://deltaexchange.freshdesk.com/support/solutions/articles/80001177885,https://www.delta.exchange/support/solutions/articles/80001177885,Market Orders
80001177888,2,Trading & Order Management,true,Order Types Explained,1,true,,https://deltaexchange.freshdesk.com/support/solutions/articles/80001177888,https://www.delta.exchange/support/solutions/articles/80001177888,Limit order
80001177889,2,Trading & Order Management,true,Order Types Explained,1,true,,https://deltaexchange.freshdesk.com/support/solutions/articles/80001177889,https://www.delta.exchange/support/solutions/articles/80001177889,Time-In-Force Orders
80001177891,1,Trading & Order Management,true,Order Types Explained,1,,draft (Freshdesk status != 2),https://deltaexchange.freshdesk.com/support/solutions/articles/80001177891,https://www.delta.exchange/support/solutions/articles/80001177891,Post only order
80001177894,2,Trading & Order Management,true,Order Types Explained,1,true,,https://deltaexchange.freshdesk.com/support/solutions/articles/80001177894,https://www.delta.exchange/support/solutions/articles/80001177894,Reduce-Only Orders
80001177896,2,Trading & Order Management,true,Order Types Explained,1,true,,https://deltaexchange.freshdesk.com/support/solutions/articles/80001177896,https://www.delta.exchange/support/solutions/articles/80001177896,Stop market order
80001177897,2,Trading & Order Management,true,Order Types Explained,1,true,,https://deltaexchange.freshdesk.com/support/solutions/articles/80001177897,https://www.delta.exchange/support/solutions/articles/80001177897,Stop limit order
80001177899,2,Trading & Order Management,true,Order Types Explained,1,true,,https://deltaexchange.freshdesk.com/support/solutions/articles/80001177899,https://www.delta.exchange/support/solutions/articles/80001177899,Trailing-Stop Orders
80001177901,2,Trading & Order Management,true,Order Types Explained,1,true,,https://deltaexchange.freshdesk.com/support/solutions/articles/80001177901,https://www.delta.exchange/support/solutions/articles/80001177901,What are Bracket Orders and how to use them?
80001177904,1,Trading & Order Management,true,Order Types Explained,1,,draft (Freshdesk status != 2),https://deltaexchange.freshdesk.com/support/solutions/articles/80001177904,https://www.delta.exchange/support/solutions/articles/80001177904,How to Become a Maker Using Limit Orders and Post-Only Mode?
80001199736,2,Trading & Order Management,true,Order Types Explained,1,true,,https://deltaexchange.freshdesk.com/support/solutions/articles/80001199736,https://www.delta.exchange/support/solutions/articles/80001199736,What is Isolated Margin mode
80001199739,2,Trading & Order Management,true,Order Types Explained,1,true,,https://deltaexchange.freshdesk.com/support/solutions/articles/80001199739,https://www.delta.exchange/support/solutions/articles/80001199739,Liquidation of Isolated Margin Positions
80001199744,2,Trading & Order Management,true,Order Types Explained,1,true,,https://deltaexchange.freshdesk.com/support/solutions/articles/80001199744,https://www.delta.exchange/support/solutions/articles/80001199744,What is Cross Margin
80001199745,2,Trading & Order Management,true,Order Types Explained,1,true,,https://deltaexchange.freshdesk.com/support/solutions/articles/80001199745,https://www.delta.exchange/support/solutions/articles/80001199745,Order Types
80001199749,2,Trading & Order Management,true,Order Types Explained,1,true,,https://deltaexchange.freshdesk.com/support/solutions/articles/80001199749,https://www.delta.exchange/support/solutions/articles/80001199749,Basket Orders
80001199751,2,Trading & Order Management,true,Order Types Explained,1,true,,https://deltaexchange.freshdesk.com/support/solutions/articles/80001199751,https://www.delta.exchange/support/solutions/articles/80001199751,Auto Deleveraging
80001199830,2,Trading & Order Management,true,Order Types Explained,1,true,,https://deltaexchange.freshdesk.com/support/solutions/articles/80001199830,https://www.delta.exchange/support/solutions/articles/80001199830,What is Margin
80001199835,2,Trading & Order Management,true,Order Types Explained,1,true,,https://deltaexchange.freshdesk.com/support/solutions/articles/80001199835,https://www.delta.exchange/support/solutions/articles/80001199835,Portfolio Margin
80001199746,2,Trading & Order Management,true,Order Types Explained,1,true,,https://deltaexchange.freshdesk.com/support/solutions/articles/80001199746,https://www.delta.exchange/support/solutions/articles/80001199746,Trade Life Cycle
80001150348,2,Trading & Order Management,true,Statements & Reports,1,true,,https://deltaexchange.freshdesk.com/support/solutions/articles/80001150348,https://www.delta.exchange/support/solutions/articles/80001150348,How to Download Asset History on Delta India: A step-by-step Guide
80001183756,2,Trading & Order Management,true,Funding,1,true,,https://deltaexchange.freshdesk.com/support/solutions/articles/80001183756,https://www.delta.exchange/support/solutions/articles/80001183756,Funding Exchange Schedule for Perpetual Contracts
80001188998,2,Trading & Order Management,true,Demo Trading,1,true,,https://deltaexchange.freshdesk.com/support/solutions/articles/80001188998,https://www.delta.exchange/support/solutions/articles/80001188998,Demo Trading on Delta Exchange India – A Complete Guide
80001196665,2,Trading & Order Management,true,Trading Tools,1,true,,https://deltaexchange.freshdesk.com/support/solutions/articles/80001196665,https://www.delta.exchange/support/solutions/articles/80001196665,Price Alert Feature
80001196666,2,Trading & Order Management,true,Trading Tools,1,true,,https://deltaexchange.freshdesk.com/support/solutions/articles/80001196666,https://www.delta.exchange/support/solutions/articles/80001196666,Strategy Builder
80001132907,2,Banking,true,Bank Account Setup,1,true,,https://deltaexchange.freshdesk.com/support/solutions/articles/80001132907,https://www.delta.exchange/support/solutions/articles/80001132907,How to Add a Bank Account in Delta Exchange India
80001132406,2,Banking,true,Bank Account Setup,1,true,,https://deltaexchange.freshdesk.com/support/solutions/articles/80001132406,https://www.delta.exchange/support/solutions/articles/80001132406,What documents do I need to add to a bank account?
80001132407,1,Banking,true,Bank Account Setup,1,,draft (Freshdesk status != 2),https://deltaexchange.freshdesk.com/support/solutions/articles/80001132407,https://www.delta.exchange/support/solutions/articles/80001132407,Why should I add my bank account to Delta Exchange India?
80001143163,1,Banking,true,Bank Account Setup,1,,draft (Freshdesk status != 2),https://deltaexchange.freshdesk.com/support/solutions/articles/80001143163,https://www.delta.exchange/support/solutions/articles/80001143163,Can I add more than one bank account?
80001200811,1,Banking,true,Bank Account Setup,1,,draft (Freshdesk status != 2),https://deltaexchange.freshdesk.com/support/solutions/articles/80001200811,https://www.delta.exchange/support/solutions/articles/80001200811,Can I add the same bank account again If I deleted it?
80001132911,2,Banking,true,Bank Account Verification,1,true,,https://deltaexchange.freshdesk.com/support/solutions/articles/80001132911,https://www.delta.exchange/support/solutions/articles/80001132911,Time taken for Bank account to get whitelisted
80001137203,2,Banking,true,Bank Account Verification,1,true,,https://deltaexchange.freshdesk.com/support/solutions/articles/80001137203,https://www.delta.exchange/support/solutions/articles/80001137203,Reasons for Bank Account Verification failure
80001140910,2,Banking,true,Bank Account Verification,1,true,,https://deltaexchange.freshdesk.com/support/solutions/articles/80001140910,https://www.delta.exchange/support/solutions/articles/80001140910,OTP Issues During Bank Verification – Steps to Fix
80001178020,2,Banking,true,Bank Account Verification,1,true,,https://deltaexchange.freshdesk.com/support/solutions/articles/80001178020,https://www.delta.exchange/support/solutions/articles/80001178020,What Do We Mean by Whitelisting of Bank Account?
80001178021,2,Banking,true,Bank Account Verification,1,true,,https://deltaexchange.freshdesk.com/support/solutions/articles/80001178021,https://www.delta.exchange/support/solutions/articles/80001178021,My Bank Verification Failed Previously. What Should I Do Now?
80001141201,1,Banking,true,Managing Bank Accounts,1,,draft (Freshdesk status != 2),https://deltaexchange.freshdesk.com/support/solutions/articles/80001141201,https://www.delta.exchange/support/solutions/articles/80001141201,Banks Not Supported by Delta Exchange India
80001132403,2,Banking,true,Managing Bank Accounts,1,true,,https://deltaexchange.freshdesk.com/support/solutions/articles/80001132403,https://www.delta.exchange/support/solutions/articles/80001132403,Changing or Deleting Your Existing Bank Account: Steps and Considerations
80001143383,2,Banking,true,Managing Bank Accounts,1,true,,https://deltaexchange.freshdesk.com/support/solutions/articles/80001143383,https://www.delta.exchange/support/solutions/articles/80001143383,Can I delete my existing Bank account?
80001199750,2,"Perpetual, Options contract & Funding",true,Fair pricing,1,true,,https://deltaexchange.freshdesk.com/support/solutions/articles/80001199750,https://www.delta.exchange/support/solutions/articles/80001199750,Fair Price Marking
80001199753,2,"Perpetual, Options contract & Funding",true,Fair pricing,1,true,,https://deltaexchange.freshdesk.com/support/solutions/articles/80001199753,https://www.delta.exchange/support/solutions/articles/80001199753,Impact Price
80001199831,2,"Perpetual, Options contract & Funding",true,Fair pricing,1,true,,https://deltaexchange.freshdesk.com/support/solutions/articles/80001199831,https://www.delta.exchange/support/solutions/articles/80001199831,Mark Price of Futures & Perpetual Contracts
80001199832,2,"Perpetual, Options contract & Funding",true,Fair pricing,1,true,,https://deltaexchange.freshdesk.com/support/solutions/articles/80001199832,https://www.delta.exchange/support/solutions/articles/80001199832,Options Mark Price
80001199833,2,"Perpetual, Options contract & Funding",true,Fair pricing,1,true,,https://deltaexchange.freshdesk.com/support/solutions/articles/80001199833,https://www.delta.exchange/support/solutions/articles/80001199833,Mark Rate of BitMex Funding Rate Swap
80001199834,2,"Perpetual, Options contract & Funding",true,Fair pricing,1,true,,https://deltaexchange.freshdesk.com/support/solutions/articles/80001199834,https://www.delta.exchange/support/solutions/articles/80001199834,Fair Price Marking Leading into Settlement
80001177914,2,"Perpetual, Options contract & Funding",true,Option Guide,1,true,,https://deltaexchange.freshdesk.com/support/solutions/articles/80001177914,https://www.delta.exchange/support/solutions/articles/80001177914,When do the contracts expire?
80001199569,2,"Perpetual, Options contract & Funding",true,Option Guide,1,true,,https://deltaexchange.freshdesk.com/support/solutions/articles/80001199569,https://www.delta.exchange/support/solutions/articles/80001199569,What is Options ?
80001199694,2,"Perpetual, Options contract & Funding",true,Option Guide,1,true,,https://deltaexchange.freshdesk.com/support/solutions/articles/80001199694,https://www.delta.exchange/support/solutions/articles/80001199694,Options Mark Price
80001199695,2,"Perpetual, Options contract & Funding",true,Option Guide,1,true,,https://deltaexchange.freshdesk.com/support/solutions/articles/80001199695,https://www.delta.exchange/support/solutions/articles/80001199695,Options Settlement
80001199711,2,"Perpetual, Options contract & Funding",true,Option Guide,1,true,,https://deltaexchange.freshdesk.com/support/solutions/articles/80001199711,https://www.delta.exchange/support/solutions/articles/80001199711,PnL Computation
80001199712,2,"Perpetual, Options contract & Funding",true,Option Guide,1,true,,https://deltaexchange.freshdesk.com/support/solutions/articles/80001199712,https://www.delta.exchange/support/solutions/articles/80001199712,Leverage In Options
80001199828,2,"Perpetual, Options contract & Funding",true,Option Guide,1,true,,https://deltaexchange.freshdesk.com/support/solutions/articles/80001199828,https://www.delta.exchange/support/solutions/articles/80001199828,Options Symbology
80001199829,2,"Perpetual, Options contract & Funding",true,Option Guide,1,true,,https://deltaexchange.freshdesk.com/support/solutions/articles/80001199829,https://www.delta.exchange/support/solutions/articles/80001199829,Options Launch Schedule
80001177912,2,"Perpetual, Options contract & Funding",true,Contract Specifications,1,true,,https://deltaexchange.freshdesk.com/support/solutions/articles/80001177912,https://www.delta.exchange/support/solutions/articles/80001177912,What Is the Minimum Order Size for BTC and ETH Contracts?
80001177913,1,"Perpetual, Options contract & Funding",true,Contract Specifications,1,,draft (Freshdesk status != 2),https://deltaexchange.freshdesk.com/support/solutions/articles/80001177913,https://www.delta.exchange/support/solutions/articles/80001177913,How is the settlement price calculated?
80001198442,2,"Perpetual, Options contract & Funding",true,Contract Specifications,1,true,,https://deltaexchange.freshdesk.com/support/solutions/articles/80001198442,https://www.delta.exchange/support/solutions/articles/80001198442,What are Straddle Contracts
80001177915,2,"Perpetual, Options contract & Funding",true,Margin Trading,1,true,,https://deltaexchange.freshdesk.com/support/solutions/articles/80001177915,https://www.delta.exchange/support/solutions/articles/80001177915,How much margin is reserved while placing an order on Delta Exchange?
80001177916,2,"Perpetual, Options contract & Funding",true,Margin Trading,1,true,,https://deltaexchange.freshdesk.com/support/solutions/articles/80001177916,https://www.delta.exchange/support/solutions/articles/80001177916,How are Stop Orders Margined on Delta Exchange?
80001177917,2,"Perpetual, Options contract & Funding",true,Margin Trading,1,true,,https://deltaexchange.freshdesk.com/support/solutions/articles/80001177917,https://www.delta.exchange/support/solutions/articles/80001177917,What happens to Open Orders when a Position is liquidated?
80001177919,2,"Perpetual, Options contract & Funding",true,Margin Trading,1,true,,https://deltaexchange.freshdesk.com/support/solutions/articles/80001177919,https://www.delta.exchange/support/solutions/articles/80001177919,"Time in Force Flags on Delta Exchange –  IOC, GTC"
80001177920,2,"Perpetual, Options contract & Funding",true,Margin Trading,1,true,,https://deltaexchange.freshdesk.com/support/solutions/articles/80001177920,https://www.delta.exchange/support/solutions/articles/80001177920,How to Close an Open Position on Delta Exchange?
80001177921,2,"Perpetual, Options contract & Funding",true,Margin Trading,1,true,,https://deltaexchange.freshdesk.com/support/solutions/articles/80001177921,https://www.delta.exchange/support/solutions/articles/80001177921,How to change between mode in Delta Exchange India?
80001177923,2,"Perpetual, Options contract & Funding",true,Margin Trading,1,true,,https://deltaexchange.freshdesk.com/support/solutions/articles/80001177923,https://www.delta.exchange/support/solutions/articles/80001177923,Delta Exchange Calculator: Features to Improve Trading
80001177924,2,"Perpetual, Options contract & Funding",true,Margin Trading,1,true,,https://deltaexchange.freshdesk.com/support/solutions/articles/80001177924,https://www.delta.exchange/support/solutions/articles/80001177924,How to use Charting Tools to improve Technical Analysis?
80001132523,1,"Perpetual, Options contract & Funding",true,Margin Trading,1,,draft (Freshdesk status != 2),https://deltaexchange.freshdesk.com/support/solutions/articles/80001132523,https://www.delta.exchange/support/solutions/articles/80001132523,Bracket orders deprecated. Reduce-only orders introduced.
80001198731,2,"Perpetual, Options contract & Funding",true,Margin Trading,1,true,,https://deltaexchange.freshdesk.com/support/solutions/articles/80001198731,https://www.delta.exchange/support/solutions/articles/80001198731,How to Change Leverage in Isolated and Cross Margin Mode on Delta Exchange
80001199715,2,"Perpetual, Options contract & Funding",true,Perpetual Contracts Guide,1,true,,https://deltaexchange.freshdesk.com/support/solutions/articles/80001199715,https://www.delta.exchange/support/solutions/articles/80001199715,Perpetual Contracts: Motivation & Use Cases
80001177905,2,"Perpetual, Options contract & Funding",true,Perpetual Contracts Guide,1,true,,https://deltaexchange.freshdesk.com/support/solutions/articles/80001177905,https://www.delta.exchange/support/solutions/articles/80001177905,What is Perpetual Contracts?
80001177906,2,"Perpetual, Options contract & Funding",true,Perpetual Contracts Guide,1,true,,https://deltaexchange.freshdesk.com/support/solutions/articles/80001177906,https://www.delta.exchange/support/solutions/articles/80001177906,Funding Rate Explanation
80001177909,2,"Perpetual, Options contract & Funding",true,Perpetual Contracts Guide,1,true,,https://deltaexchange.freshdesk.com/support/solutions/articles/80001177909,https://www.delta.exchange/support/solutions/articles/80001177909,Are there any limits on funding?
80001177911,2,"Perpetual, Options contract & Funding",true,Perpetual Contracts Guide,1,true,,https://deltaexchange.freshdesk.com/support/solutions/articles/80001177911,https://www.delta.exchange/support/solutions/articles/80001177911,How can I see the history of funding for any contract?
80001199725,2,"Perpetual, Options contract & Funding",true,Perpetual Contracts Guide,1,true,,https://deltaexchange.freshdesk.com/support/solutions/articles/80001199725,https://www.delta.exchange/support/solutions/articles/80001199725,Funding Rate Calculation
80001199727,2,"Perpetual, Options contract & Funding",true,Future Guide,1,true,,https://deltaexchange.freshdesk.com/support/solutions/articles/80001199727,https://www.delta.exchange/support/solutions/articles/80001199727,Futures: Motivation & Use Cases
80001199732,2,"Perpetual, Options contract & Funding",true,Future Guide,1,true,,https://deltaexchange.freshdesk.com/support/solutions/articles/80001199732,https://www.delta.exchange/support/solutions/articles/80001199732,FUTURE COMPUTATION
80001199738,2,"Perpetual, Options contract & Funding",true,Future Guide,1,true,,https://deltaexchange.freshdesk.com/support/solutions/articles/80001199738,https://www.delta.exchange/support/solutions/articles/80001199738,Leverage In Future
80001191555,2,Offers,true,Live Offers,1,true,,https://deltaexchange.freshdesk.com/support/solutions/articles/80001191555,https://www.delta.exchange/support/solutions/articles/80001191555,Welcome Offer: Get ₹500
80001172745,2,Offers,true,Live Offers,1,true,,https://deltaexchange.freshdesk.com/support/solutions/articles/80001172745,https://www.delta.exchange/support/solutions/articles/80001172745,Scalper offer
80001190846,2,Offers,true,Live Offers,1,true,,https://deltaexchange.freshdesk.com/support/solutions/articles/80001190846,https://www.delta.exchange/support/solutions/articles/80001190846,X-Mas Offer
80001191143,2,Offers,true,Live Offers,1,true,,https://deltaexchange.freshdesk.com/support/solutions/articles/80001191143,https://www.delta.exchange/support/solutions/articles/80001191143,Referral Commission: Everything You Need to Know
80001194562,1,Offers,true,Live Offers,1,,draft (Freshdesk status != 2),https://deltaexchange.freshdesk.com/support/solutions/articles/80001194562,https://www.delta.exchange/support/solutions/articles/80001194562,Delta India Referral Program for Spot Trading
80001199939,2,Offers,true,Live Offers,1,true,,https://deltaexchange.freshdesk.com/support/solutions/articles/80001199939,https://www.delta.exchange/support/solutions/articles/80001199939,Referral Boost
80001149608,1,Offers,true,Old Offers,1,,draft (Freshdesk status != 2),https://deltaexchange.freshdesk.com/support/solutions/articles/80001149608,https://www.delta.exchange/support/solutions/articles/80001149608,Scalper Offer
80001162375,2,Offers,true,Old Offers,1,true,,https://deltaexchange.freshdesk.com/support/solutions/articles/80001162375,https://www.delta.exchange/support/solutions/articles/80001162375,Black Friday Special
80001163831,2,Offers,true,Old Offers,1,true,,https://deltaexchange.freshdesk.com/support/solutions/articles/80001163831,https://www.delta.exchange/support/solutions/articles/80001163831,Year end mega offer (DISCONTINUED)
80001165281,2,Offers,true,Old Offers,1,true,,https://deltaexchange.freshdesk.com/support/solutions/articles/80001165281,https://www.delta.exchange/support/solutions/articles/80001165281,January Offer Blog
80001166965,2,Offers,true,Old Offers,1,true,,https://deltaexchange.freshdesk.com/support/solutions/articles/80001166965,https://www.delta.exchange/support/solutions/articles/80001166965,Trade for 7 days and get 50% Cashback
80001172962,2,Offers,true,Old Offers,1,true,,https://deltaexchange.freshdesk.com/support/solutions/articles/80001172962,https://www.delta.exchange/support/solutions/articles/80001172962,Amazon voucher blog -April
80001166968,2,Offers,true,Old Offers,1,true,,https://deltaexchange.freshdesk.com/support/solutions/articles/80001166968,https://www.delta.exchange/support/solutions/articles/80001166968,Deposit and get 10% Cashback
80001169879,2,Offers,true,Old Offers,1,true,,https://deltaexchange.freshdesk.com/support/solutions/articles/80001169879,https://www.delta.exchange/support/solutions/articles/80001169879,TRADE FOR 10 DAYS AND GET 50% FEE CASHBACK
80001172353,2,Offers,true,Old Offers,1,true,,https://deltaexchange.freshdesk.com/support/solutions/articles/80001172353,https://www.delta.exchange/support/solutions/articles/80001172353,April offer blog (DISCONTINUED)
80001172963,2,Offers,true,Old Offers,1,true,,https://deltaexchange.freshdesk.com/support/solutions/articles/80001172963,https://www.delta.exchange/support/solutions/articles/80001172963,Delta cash blog - April
80001185728,1,Offers,true,Old Offers,1,,draft (Freshdesk status != 2),https://deltaexchange.freshdesk.com/support/solutions/articles/80001185728,https://www.delta.exchange/support/solutions/articles/80001185728,Welcome Offer: Get ₹2500
80001180013,2,Offers,true,Old Offers,1,true,,https://deltaexchange.freshdesk.com/support/solutions/articles/80001180013,https://www.delta.exchange/support/solutions/articles/80001180013,Monsoon Offer
80001189256,2,Offers,true,Old Offers,1,true,,https://deltaexchange.freshdesk.com/support/solutions/articles/80001189256,https://www.delta.exchange/support/solutions/articles/80001189256,Black Friday 2025
80001199392,2,Offers,true,Old Offers,1,true,,https://deltaexchange.freshdesk.com/support/solutions/articles/80001199392,https://www.delta.exchange/support/solutions/articles/80001199392,Delta Exchange February Referral Rush : Earn upto ₹1 Lac/- Cash
80001153884,2,API & Automation Tools,true,Trading APIs & Integrations,1,true,,https://deltaexchange.freshdesk.com/support/solutions/articles/80001153884,https://www.delta.exchange/support/solutions/articles/80001153884,Your Complete API FAQ Guide: Everything you need to know
80001174969,2,API & Automation Tools,true,Trading APIs & Integrations,1,true,,https://deltaexchange.freshdesk.com/support/solutions/articles/80001174969,https://www.delta.exchange/support/solutions/articles/80001174969,Kickstarting Your Trading Journey with Delta India APIs
80001141030,2,API & Automation Tools,true,Trading APIs & Integrations,1,true,,https://deltaexchange.freshdesk.com/support/solutions/articles/80001141030,https://www.delta.exchange/support/solutions/articles/80001141030,Tutorial: Trading View Automation on Delta Exchange
80001191381,2,API & Automation Tools,true,Trading APIs & Integrations,1,true,,https://deltaexchange.freshdesk.com/support/solutions/articles/80001191381,https://www.delta.exchange/support/solutions/articles/80001191381,Track Maintenance and Downtime for API Trading with System Status WebSocket
80001194935,2,API & Automation Tools,true,Trading APIs & Integrations,1,true,,https://deltaexchange.freshdesk.com/support/solutions/articles/80001194935,https://www.delta.exchange/support/solutions/articles/80001194935,API Update: Changes to History Endpoints and Parameter Clarifications
80001181136,2,API & Automation Tools,true,API Copilot.,1,true,,https://deltaexchange.freshdesk.com/support/solutions/articles/80001181136,https://www.delta.exchange/support/solutions/articles/80001181136,Getting Started with Delta Exchange API Copilot
80001181137,2,API & Automation Tools,true,API Copilot.,1,true,,https://deltaexchange.freshdesk.com/support/solutions/articles/80001181137,https://www.delta.exchange/support/solutions/articles/80001181137,Best Practices to Maximize Your Output with API Copilot
80001185498,2,API & Automation Tools,true,Algo Marketplace,1,true,,https://deltaexchange.freshdesk.com/support/solutions/articles/80001185498,https://www.delta.exchange/support/solutions/articles/80001185498,How Algo Marketplace Works on Delta Exchange
80001191587,2,API & Automation Tools,true,Algo Marketplace,1,true,,https://deltaexchange.freshdesk.com/support/solutions/articles/80001191587,https://www.delta.exchange/support/solutions/articles/80001191587,Algo Marketplace Terms and Conditions
80001200683,2,API & Automation Tools,true,Algo Marketplace,1,true,,https://deltaexchange.freshdesk.com/support/solutions/articles/80001200683,https://www.delta.exchange/support/solutions/articles/80001200683,Algotrade Disclaimer
80001132522,2,Help & Support,true,Contact and assistance,1,true,,https://deltaexchange.freshdesk.com/support/solutions/articles/80001132522,https://www.delta.exchange/support/solutions/articles/80001132522,How can I contact customer support of Delta Exchange?
80001177016,2,Help & Support,true,Contact and assistance,1,true,,https://deltaexchange.freshdesk.com/support/solutions/articles/80001177016,https://www.delta.exchange/support/solutions/articles/80001177016,How to Raise a Support Ticket and Track Its Status on Delta Exchange India
80001177929,2,Trust and Safety,true,Platform security & Compliance,1,true,,https://deltaexchange.freshdesk.com/support/solutions/articles/80001177929,https://www.delta.exchange/support/solutions/articles/80001177929,Is Delta Exchange Regulated?
80001177931,2,Trust and Safety,true,Platform security & Compliance,1,true,,https://deltaexchange.freshdesk.com/support/solutions/articles/80001177931,https://www.delta.exchange/support/solutions/articles/80001177931,What Is the Insurance Fund on Delta Exchange and When Does It Apply?
80001177988,2,Troubleshooting,true,Troubleshooting for Android,1,true,,https://deltaexchange.freshdesk.com/support/solutions/articles/80001177988,https://www.delta.exchange/support/solutions/articles/80001177988,Basic Troubleshooting for Android Users (Delta Exchange App)
80001177990,2,Troubleshooting,true,Troubleshooting for IOS,1,true,,https://deltaexchange.freshdesk.com/support/solutions/articles/80001177990,https://www.delta.exchange/support/solutions/articles/80001177990,Basic Troubleshooting Steps for iOS Users (Delta Exchange App)
80001177992,2,Troubleshooting,true,Troubleshoot for Website users,1,true,,https://deltaexchange.freshdesk.com/support/solutions/articles/80001177992,https://www.delta.exchange/support/solutions/articles/80001177992,Basic Troubleshooting for Website Users on Delta Exchange
80001197404,2,Troubleshooting,true,Troubleshoot for Website users,1,true,,https://deltaexchange.freshdesk.com/support/solutions/articles/80001197404,https://www.delta.exchange/support/solutions/articles/80001197404,How to Restore the Order Book on Delta Exchange
80001178769,2,Disclaimer,true,Legal Disclaimer,1,true,,https://deltaexchange.freshdesk.com/support/solutions/articles/80001178769,https://www.delta.exchange/support/solutions/articles/80001178769,API COPILOT – TERMS & CONDITIONS
80001198376,2,Disclaimer,true,Disclaimer,1,true,,https://deltaexchange.freshdesk.com/support/solutions/articles/80001198376,https://www.delta.exchange/support/solutions/articles/80001198376,DISCLAIMER For RWA Token Derivatives
80001200059,2,Disclaimer,true,Official Communication Channels and Disclaimer,1,true,,https://deltaexchange.freshdesk.com/support/solutions/articles/80001200059,https://www.delta.exchange/support/solutions/articles/80001200059,Official Channels & Security Guidelines – Delta Exchange India
80001200164,2,Disclaimer,true,Official Communication Channels and Disclaimer,1,true,,https://deltaexchange.freshdesk.com/support/solutions/articles/80001200164,https://www.delta.exchange/support/solutions/articles/80001200164,Fake Websites Impersonating Delta Exchange India
80001197405,2,Chart Related,true,Indicators and Drawing,1,true,,https://deltaexchange.freshdesk.com/support/solutions/articles/80001197405,https://www.delta.exchange/support/solutions/articles/80001197405,How to Remove Drawings & Indicators on Delta Exchange Charts
80001199728,2,Exchange SOP & Policies,true,Exchange SOP & Policies,1,true,,https://deltaexchange.freshdesk.com/support/solutions/articles/80001199728,https://www.delta.exchange/support/solutions/articles/80001199728,Allowed Trading Bands
80001199729,2,Exchange SOP & Policies,true,Exchange SOP & Policies,1,true,,https://deltaexchange.freshdesk.com/support/solutions/articles/80001199729,https://www.delta.exchange/support/solutions/articles/80001199729,Market Disruption
80001199730,2,Exchange SOP & Policies,true,Exchange SOP & Policies,1,true,,https://deltaexchange.freshdesk.com/support/solutions/articles/80001199730,https://www.delta.exchange/support/solutions/articles/80001199730,Trade Annulment
80001199731,2,Exchange SOP & Policies,true,Exchange SOP & Policies,1,true,,https://deltaexchange.freshdesk.com/support/solutions/articles/80001199731,https://www.delta.exchange/support/solutions/articles/80001199731,Special Events Handling
80001193909,2,Spot Trading,true,Getting Started,1,true,,https://deltaexchange.freshdesk.com/support/solutions/articles/80001193909,https://www.delta.exchange/support/solutions/articles/80001193909,Placing a Spot Trade
80001194208,2,Spot Trading,true,Getting Started,1,true,,https://deltaexchange.freshdesk.com/support/solutions/articles/80001194208,https://www.delta.exchange/support/solutions/articles/80001194208,What is available for Spot Trading
80001194865,2,Spot Trading,true,Funds & Wallet Management,1,true,,https://deltaexchange.freshdesk.com/support/solutions/articles/80001194865,https://www.delta.exchange/support/solutions/articles/80001194865,Managing your Funds for Spot Trading
80001194561,2,Spot Trading,true,Funds & Wallet Management,1,true,,https://deltaexchange.freshdesk.com/support/solutions/articles/80001194561,https://www.delta.exchange/support/solutions/articles/80001194561,Deposits and Withdrawals in Delta India Spot Trading
80001194210,2,Spot Trading,true,Fees & Charges,1,true,,https://deltaexchange.freshdesk.com/support/solutions/articles/80001194210,https://www.delta.exchange/support/solutions/articles/80001194210,Delta India Spot Trading Fees
80001193910,2,Spot Trading,true,Rules & Restrictions,1,true,,https://deltaexchange.freshdesk.com/support/solutions/articles/80001193910,https://www.delta.exchange/support/solutions/articles/80001193910,Restrictions on Funds/Assets (Spot)
80001195725,1,Spot Trading,true,Market Understanding,1,,draft (Freshdesk status != 2),https://deltaexchange.freshdesk.com/support/solutions/articles/80001195725,https://www.delta.exchange/support/solutions/articles/80001195725,Why Spot and future prices are so different ?
80001195741,2,Spot Trading,true,Market Understanding,1,true,,https://deltaexchange.freshdesk.com/support/solutions/articles/80001195741,https://www.delta.exchange/support/solutions/articles/80001195741,Why is there a price discrepancy between Spot and FNO on Delta Exchange?
80001195458,2,Spot Trading,true,Taxes,1,true,,https://deltaexchange.freshdesk.com/support/solutions/articles/80001195458,https://www.delta.exchange/support/solutions/articles/80001195458,Taxes on Delta India Spot
80001202943,2,Trading View,true,Trading View Integration,1,true,,https://deltaexchange.freshdesk.com/support/solutions/articles/80001202943,https://www.delta.exchange/support/solutions/articles/80001202943,How to Integrate TradingView with Delta Exchange India
80001203117,2,Algo Trading & Integrations,true,AlgoTest Integration,1,true,,https://deltaexchange.freshdesk.com/support/solutions/articles/80001203117,https://www.delta.exchange/support/solutions/articles/80001203117,How to Use AlgoTest for Trading on Delta Exchange India